time,open,high,low,close,volume,close_time,quote_volume,trades,taker_base,taker_quote,ignore
2026-02-02 08:00:00,0.1031,0.10626,0.10308,0.10491,244800690.0,1770033599999,25584177.08806000,261425,142208063.00000000,14866395.44441000,0
2026-02-02 12:00:00,0.1049,0.11056,0.1049,0.10954,288591992.0,1770047999999,31073837.27787000,384562,151680941.00000000,16339238.00156000,0
2026-02-02 16:00:00,0.10954,0.11,0.10733,0.10738,132630994.0,1770062399999,14408305.66026000,168837,55832184.00000000,6071044.67952000,0
2026-02-02 20:00:00,0.10737,0.10872,0.10704,0.10792,82307080.0,1770076799999,8885969.28145000,97551,40815163.00000000,4406264.86526000,0
2026-02-03 00:00:00,0.10791,0.10827,0.10555,0.10743,173649559.0,1770091199999,18512284.85562000,167434,74072698.00000000,7905627.02196000,0
2026-02-03 04:00:00,0.10743,0.10903,0.10607,0.10828,116395212.0,1770105599999,12503381.30244000,146327,56871627.00000000,6111999.02925000,0
2026-02-03 08:00:00,0.10829,0.10902,0.10645,0.10665,152445380.0,1770119999999,16403675.27768000,174743,79319897.00000000,8540615.45039000,0
2026-02-03 12:00:00,0.10666,0.11053,0.10546,0.11017,356699436.0,1770134399999,38478385.02655000,431524,191038990.00000000,20627319.14763000,0
2026-02-03 16:00:00,0.11018,0.1102,0.10226,0.10642,510427692.0,1770148799999,53765826.14791000,595307,238353598.00000000,25092144.28721000,0
2026-02-03 20:00:00,0.10641,0.11053,0.10523,0.10602,304725287.0,1770163199999,32934972.12851000,314693,159620709.00000000,17255461.53347000,0
2026-02-04 00:00:00,0.10602,0.10947,0.10553,0.10892,140203884.0,1770177599999,15091424.54016000,187933,83032606.00000000,8935924.25544000,0
2026-02-04 04:00:00,0.10892,0.10917,0.10733,0.10846,149986158.0,1770191999999,16242374.61441000,132908,70788806.00000000,7665945.21827000,0
2026-02-04 08:00:00,0.10847,0.10872,0.10637,0.10731,108679047.0,1770206399999,11682596.74721000,149514,49050668.00000000,5276960.28365000,0
2026-02-04 12:00:00,0.10731,0.10779,0.10276,0.10342,310144108.0,1770220799999,32662706.49641000,440378,142962860.00000000,15047351.73925000,0
2026-02-04 16:00:00,0.10343,0.10556,0.10142,0.10535,419156539.0,1770235199999,43221282.50439000,533486,207173585.00000000,21375799.40971000,0
2026-02-04 20:00:00,0.10535,0.10549,0.10127,0.10383,194711755.0,1770249599999,20166597.38192000,283874,94013960.00000000,9746184.81819000,0
2026-02-05 00:00:00,0.10383,0.10477,0.10221,0.1026,251384769.0,1770263999999,26006421.70205000,378053,129893907.00000000,13445286.26219000,0
2026-02-05 04:00:00,0.1026,0.10361,0.10065,0.10117,339737248.0,1770278399999,34654624.66232000,429660,151571393.00000000,15457880.36246000,0
2026-02-05 08:00:00,0.10118,0.10297,0.09736,0.09874,288128121.0,1770292799999,28804613.46988000,329700,125028586.00000000,12508795.23444000,0
2026-02-05 12:00:00,0.09875,0.10054,0.09265,0.09421,719851803.0,1770307199999,69294294.50897000,791938,337070558.00000000,32489508.01389000,0
2026-02-05 16:00:00,0.09421,0.09545,0.09048,0.09118,613074514.0,1770321599999,56902527.05898000,824505,295522977.00000000,27443866.01101000,0
2026-02-05 20:00:00,0.09118,0.09185,0.08675,0.08849,954639139.0,1770335999999,85217548.48620000,1029726,455664356.00000000,40697400.30991000,0
2026-02-06 00:00:00,0.08848,0.0914,0.08001,0.08989,1280136782.0,1770350399999,109589482.54418000,1351890,615647475.00000000,52789591.14149000,0
2026-02-06 04:00:00,0.08988,0.09352,0.0895,0.09071,333303066.0,1770364799999,30550629.12478000,376998,153480829.00000000,14068321.23990000,0
2026-02-06 08:00:00,0.09072,0.09431,0.09015,0.09371,255850513.0,1770379199999,23586404.72304000,284560,130157029.00000000,12012527.47504000,0
2026-02-06 12:00:00,0.0937,0.09694,0.09304,0.09643,344598545.0,1770393599999,32810532.23858000,488516,173938760.00000000,16573647.03887000,0
2026-02-06 16:00:00,0.09643,0.10211,0.09604,0.09878,513738804.0,1770407999999,51008842.98166000,513922,249224915.00000000,24740166.28132000,0
2026-02-06 20:00:00,0.09877,0.09982,0.09812,0.09848,166869066.0,1770422399999,16516506.08222000,184336,79028262.00000000,7824324.51522000,0
2026-02-07 00:00:00,0.09847,0.09901,0.09729,0.09863,153027489.0,1770436799999,15012926.78349000,214827,69805263.00000000,6851264.81906000,0
2026-02-07 04:00:00,0.09863,0.09923,0.09472,0.09585,291893458.0,1770451199999,28391889.39021000,327896,128646031.00000000,12514792.34902000,0
2026-02-07 08:00:00,0.09584,0.09631,0.09482,0.09547,142953412.0,1770465599999,13669188.60849000,165237,71511927.00000000,6837923.77962000,0
2026-02-07 12:00:00,0.09546,0.09774,0.09536,0.09683,229753633.0,1770479999999,22184398.39914000,221689,123793979.00000000,11964820.09725000,0
2026-02-07 16:00:00,0.09682,0.09948,0.09639,0.0984,574831686.0,1770494399999,56167550.32555000,413520,282925416.00000000,27654217.03244000,0
2026-02-07 20:00:00,0.0984,0.09893,0.09767,0.09823,56230783.0,1770508799999,5534669.89308000,76174,26252744.00000000,2584184.07651000,0
2026-02-08 00:00:00,0.09823,0.0985,0.0969,0.09699,52991347.0,1770523199999,5179377.76170000,86569,22437461.00000000,2193593.66243000,0
2026-02-08 04:00:00,0.09698,0.09762,0.09635,0.09687,54724138.0,1770537599999,5305698.39276000,66290,26235730.00000000,2544043.92468000,0
2026-02-08 08:00:00,0.09687,0.09881,0.0962,0.09844,146110481.0,1770551999999,14287946.29343000,196800,78952377.00000000,7722850.44495000,0
2026-02-08 12:00:00,0.09845,0.09862,0.09686,0.09734,115645007.0,1770566399999,11328073.79240000,148633,53830736.00000000,5274314.11456000,0
2026-02-08 16:00:00,0.09733,0.09796,0.0951,0.09771,112517445.0,1770580799999,10875317.98345000,160287,53144576.00000000,5137078.51208000,0
2026-02-08 20:00:00,0.09772,0.09902,0.09592,0.09663,134537022.0,1770595199999,13062115.93735000,185159,64046331.00000000,6225144.62787000,0
2026-02-09 00:00:00,0.09663,0.09748,0.09559,0.09715,118082259.0,1770609599999,11403676.61435000,174423,56415125.00000000,5448055.87615000,0
2026-02-09 04:00:00,0.09715,0.09715,0.0949,0.09534,80712003.0,1770623999999,7739719.43243000,97714,36573959.00000000,3507104.22863000,0
2026-02-09 08:00:00,0.09534,0.09538,0.09243,0.09319,163061465.0,1770638399999,15296570.51146000,172145,68904180.00000000,6457475.16317000,0
2026-02-09 12:00:00,0.0932,0.09563,0.09314,0.09522,111761060.0,1770652799999,10546765.70020000,191535,52896329.00000000,4988900.19150000,0
2026-02-09 16:00:00,0.09521,0.09678,0.09433,0.09636,128549598.0,1770667199999,12316744.83976000,187432,68900183.00000000,6602137.63606000,0
2026-02-09 20:00:00,0.09636,0.097,0.09529,0.09611,80321177.0,1770681599999,7733055.69957000,93211,42418461.00000000,4084646.69431000,0
2026-02-10 00:00:00,0.09612,0.09657,0.09426,0.09487,60330399.0,1770695999999,5765805.74934000,96858,22630816.00000000,2164807.62631000,0
2026-02-10 04:00:00,0.09488,0.09567,0.09297,0.09367,100619555.0,1770710399999,9485992.17232000,114707,44190605.00000000,4167111.46236000,0
2026-02-10 08:00:00,0.09367,0.09423,0.09273,0.09294,72629692.0,1770724799999,6789021.65035000,80145,36842670.00000000,3445177.49042000,0
2026-02-10 12:00:00,0.09293,0.09377,0.09182,0.09303,140335576.0,1770739199999,13035104.82472000,208094,72094218.00000000,6699878.65437000,0
2026-02-10 16:00:00,0.09304,0.09417,0.09219,0.09306,85561738.0,1770753599999,7973399.02746000,164139,44361018.00000000,4134998.95183000,0
2026-02-10 20:00:00,0.09306,0.09318,0.09228,0.09277,38014667.0,1770767999999,3527901.06058000,67305,20717684.00000000,1922558.64451000,0
2026-02-11 00:00:00,0.09277,0.09362,0.09212,0.093,44260656.0,1770782399999,4113545.73272000,61156,19844355.00000000,1843727.90194000,0
2026-02-11 04:00:00,0.09301,0.09323,0.09021,0.09056,129591011.0,1770796799999,11847544.18977000,146334,56382687.00000000,5150455.66050000,0
2026-02-11 08:00:00,0.09056,0.0907,0.0894,0.09023,104731492.0,1770811199999,9434054.77528000,114520,45260472.00000000,4077477.31023000,0
2026-02-11 12:00:00,0.09023,0.09255,0.0879,0.08903,268661325.0,1770825599999,24175260.56171000,376429,140825800.00000000,12669510.36562000,0
2026-02-11 16:00:00,0.08902,0.09142,0.0887,0.09107,139083432.0,1770839999999,12548330.14234000,231676,68679844.00000000,6200305.81377000,0
2026-02-11 20:00:00,0.09106,0.09227,0.09032,0.09112,101816054.0,1770854399999,9297777.53195000,125969,47561814.00000000,4347279.34070000,0
2026-02-12 00:00:00,0.09113,0.09229,0.09112,0.09218,56236972.0,1770868799999,5155393.25395000,76670,25868509.00000000,2371842.88371000,0
2026-02-12 04:00:00,0.09218,0.09305,0.09149,0.09295,125011116.0,1770883199999,11523290.71863000,88253,60580345.00000000,5583693.30895000,0
2026-02-12 08:00:00,0.09295,0.09427,0.09242,0.09388,78374147.0,1770897599999,7320009.53956000,99194,41265140.00000000,3854918.59258000,0
2026-02-12 12:00:00,0.09389,0.09455,0.09302,0.09324,122789745.0,1770911999999,11520364.17891000,192503,59873547.00000000,5618017.96331000,0
2026-02-12 16:00:00,0.09323,0.09374,0.09077,0.09169,166963181.0,1770926399999,15331326.52747000,288918,71067006.00000000,6525575.26349000,0
2026-02-12 20:00:00,0.09169,0.09347,0.09069,0.093,98033571.0,1770940799999,9036396.91192000,101484,50780934.00000000,4684481.18507000,0
2026-02-13 00:00:00,0.09299,0.09339,0.09213,0.09297,49734303.0,1770955199999,4610179.43183000,72033,22152459.00000000,2053455.13279000,0
2026-02-13 04:00:00,0.09296,0.0935,0.09179,0.09303,59798889.0,1770969599999,5540863.76794000,71666,29754590.00000000,2757704.05347000,0
2026-02-13 08:00:00,0.09304,0.09413,0.09299,0.09398,60064645.0,1770983999999,5629777.54166000,84385,32277171.00000000,3025544.00506000,0
2026-02-13 12:00:00,0.09399,0.09666,0.09293,0.09536,249855569.0,1770998399999,23628231.40896000,234095,139228584.00000000,13194932.86336000,0
2026-02-13 16:00:00,0.09537,0.097,0.09501,0.09636,188671792.0,1771012799999,18175769.51895000,154125,117176702.00000000,11290665.97714000,0
2026-02-13 20:00:00,0.09637,0.09764,0.09609,0.09667,119309417.0,1771027199999,11567519.23331000,85406,55689838.00000000,5399120.67264000,0
2026-02-14 00:00:00,0.09668,0.09707,0.0963,0.09684,44454921.0,1771041599999,4299610.54379000,51703,19783836.00000000,1913472.35516000,0
2026-02-14 04:00:00,0.09684,0.09706,0.09641,0.09654,34448585.0,1771055999999,3330642.88377000,38759,19345020.00000000,1870472.27419000,0
2026-02-14 08:00:00,0.09655,0.10095,0.09652,0.10062,182925041.0,1771070399999,18037607.89497000,140776,110751958.00000000,10916180.90143000,0
2026-02-14 12:00:00,0.10062,0.10425,0.09909,0.104,240974859.0,1771084799999,24479025.35612000,228168,116391571.00000000,11824965.44758000,0
2026-02-14 16:00:00,0.104,0.10929,0.10251,0.10858,344830314.0,1771099199999,36586594.19801000,342271,166445897.00000000,17646524.14791000,0
2026-02-14 20:00:00,0.10859,0.11383,0.10793,0.11104,502374538.0,1771113599999,55748241.11481000,430408,228440653.00000000,25360270.30014000,0
2026-02-15 00:00:00,0.11104,0.11552,0.11048,0.11478,480439179.0,1771127999999,54352291.76386000,548374,258429093.00000000,29255202.99317000,0
2026-02-15 04:00:00,0.11479,0.11757,0.11401,0.11607,470196618.0,1771142399999,54414713.79148000,428847,241594358.00000000,27975643.03703000,0
2026-02-15 08:00:00,0.11608,0.1165,0.11224,0.11273,380837365.0,1771156799999,43495219.63846000,339876,191331673.00000000,21886338.90241000,0
2026-02-15 12:00:00,0.11274,0.11298,0.10686,0.10777,447952499.0,1771171199999,48908050.51414000,413360,199503028.00000000,21771725.97050000,0
2026-02-15 16:00:00,0.10777,0.10777,0.1025,0.10273,329742766.0,1771185599999,34633537.76379000,321007,157529816.00000000,16530652.02346000,0
2026-02-15 20:00:00,0.10272,0.10345,0.10155,0.10269,151400789.0,1771199999999,15554865.13483000,159449,79822505.00000000,8202590.57643000,0
2026-02-16 00:00:00,0.10268,0.10315,0.10161,0.10219,132768731.0,1771214399999,13591070.68867000,148435,68918566.00000000,7059427.22492000,0
2026-02-16 04:00:00,0.10219,0.1036,0.10121,0.10203,131584170.0,1771228799999,13460403.01946000,128129,73903750.00000000,7564068.81689000,0
2026-02-16 08:00:00,0.10203,0.10339,0.10073,0.10161,153688507.0,1771243199999,15710066.29513000,150073,84186789.00000000,8609224.89752000,0
2026-02-16 12:00:00,0.10162,0.10346,0.0985,0.09957,399522328.0,1771257599999,40315690.06639000,440241,208507791.00000000,21070393.20107000,0
2026-02-16 16:00:00,0.09958,0.10129,0.09948,0.10031,107467211.0,1771271999999,10812571.47691000,165930,53681183.00000000,5401480.55180000,0
2026-02-16 20:00:00,0.1003,0.1014,0.09989,0.10102,86545235.0,1771286399999,8711391.17138000,125323,48037830.00000000,4835446.75937000,0
2026-02-17 00:00:00,0.10103,0.10132,0.09957,0.10052,105904889.0,1771300799999,10652037.78661000,118801,37154650.00000000,3739656.99107000,0
2026-02-17 04:00:00,0.10052,0.1008,0.09909,0.09977,73505994.0,1771315199999,7343742.25637000,102117,31639841.00000000,3161380.42716000,0
2026-02-17 08:00:00,0.09978,0.10009,0.09845,0.09887,94813285.0,1771329599999,9390230.75442000,107550,48892716.00000000,4841724.30797000,0
2026-02-17 12:00:00,0.09887,0.10106,0.09836,0.10049,215051200.0,1771343999999,21480915.97273000,269078,103734634.00000000,10371569.50088000,0
2026-02-17 16:00:00,0.1005,0.1036,0.09972,0.1011,279128897.0,1771358399999,28369573.07553000,303883,150497322.00000000,15294130.74279000,0
2026-02-17 20:00:00,0.1011,0.10145,0.10031,0.10066,45189828.0,1771372799999,4555088.71886000,91246,21648803.00000000,2182612.38890000,0
2026-02-18 00:00:00,0.10067,0.10147,0.09994,0.10124,53554334.0,1771387199999,5398533.94247000,87862,28079402.00000000,2832084.25976000,0
2026-02-18 04:00:00,0.10125,0.10178,0.10063,0.10143,43886993.0,1771401599999,4437826.43048000,71071,21990920.00000000,2223557.53000000,0
2026-02-18 08:00:00,0.10143,0.10203,0.09923,0.10009,91031770.0,1771415999999,9186155.08154000,117543,42649615.00000000,4306154.30609000,0
2026-02-18 12:00:00,0.10009,0.1023,0.09943,0.1011,130854780.0,1771430399999,13175027.47888000,184303,56296889.00000000,5668325.68234000,0
2026-02-18 16:00:00,0.10109,0.10119,0.09749,0.09853,150439748.0,1771444799999,14921076.69321000,218240,67424705.00000000,6691859.28797000,0
2026-02-18 20:00:00,0.09854,0.09915,0.09794,0.09855,70477296.0,1771459199999,6943173.65782000,101304,31757584.00000000,3129073.52896000,0
2026-02-19 00:00:00,0.09855,0.099,0.09785,0.09862,77095532.0,1771473599999,7585941.38422000,91321,28440249.00000000,2799541.10141000,0
2026-02-19 04:00:00,0.09863,0.09924,0.09675,0.09834,148722718.0,1771487999999,14582233.41159000,140064,65624950.00000000,6434824.89292000,0
2026-02-19 08:00:00,0.09834,0.09837,0.09713,0.0977,79349454.0,1771502399999,7749416.54559000,102994,39923724.00000000,3898466.99414000,0
2026-02-19 12:00:00,0.0977,0.09834,0.09643,0.09686,140228038.0,1771516799999,13652981.55536000,194291,68601965.00000000,6682361.79464000,0
2026-02-19 16:00:00,0.09686,0.09846,0.09551,0.09811,136130919.0,1771531199999,13229060.72944000,179527,60227018.00000000,5855038.68085000,0
2026-02-19 20:00:00,0.0981,0.09839,0.09735,0.09837,46606358.0,1771545599999,4564496.73713000,67096,21498899.00000000,2105799.08566000,0
2026-02-20 00:00:00,0.09836,0.09948,0.09818,0.09873,58477200.0,1771559999999,5784232.84918000,75112,29578490.00000000,2925595.51350000,0
2026-02-20 04:00:00,0.09874,0.09998,0.0982,0.09861,101904123.0,1771574399999,10094384.95253000,93004,60591259.00000000,6008774.81807000,0
2026-02-20 08:00:00,0.0986,0.09945,0.0983,0.09848,105616427.0,1771588799999,10452360.30660000,101477,58563200.00000000,5799248.81362000,0
2026-02-20 12:00:00,0.09849,0.10056,0.09566,0.10029,279399975.0,1771603199999,27431117.05913000,332695,139434740.00000000,13703330.03858000,0
2026-02-20 16:00:00,0.1003,0.10244,0.09869,0.10026,279892774.0,1771617599999,28249779.58863000,362138,133902383.00000000,13514927.14470000,0
2026-02-20 20:00:00,0.10026,0.10119,0.09968,0.10011,54435930.0,1771631999999,5463699.95688000,87671,26405080.00000000,2649764.35152000,0
2026-02-21 00:00:00,0.10011,0.10029,0.09899,0.09994,84241311.0,1771646399999,8394408.14701000,83653,30967177.00000000,3087569.71223000,0
2026-02-21 04:00:00,0.09995,0.10022,0.09966,0.10009,23238538.0,1771660799999,2322960.95171000,43345,10970400.00000000,1096750.16468000,0
2026-02-21 08:00:00,0.10009,0.10098,0.09983,0.10006,53659264.0,1771675199999,5382630.35489000,72346,27628903.00000000,2771978.53239000,0
2026-02-21 12:00:00,0.10007,0.10081,0.09968,0.10002,66211502.0,1771689599999,6640667.50654000,89715,34307223.00000000,3441046.09784000,0
2026-02-21 16:00:00,0.10003,0.10007,0.09899,0.09947,89563089.0,1771703999999,8911869.23053000,80430,29870401.00000000,2974251.18646000,0
2026-02-21 20:00:00,0.09946,0.09958,0.0984,0.09841,49417020.0,1771718399999,4893964.75743000,63942,19780734.00000000,1959547.58336000,0
2026-02-22 00:00:00,0.09842,0.09855,0.09675,0.09742,79495662.0,1771732799999,7757920.27827000,98623,31171478.00000000,3042221.10529000,0
2026-02-22 04:00:00,0.09742,0.09752,0.0969,0.0973,40668734.0,1771747199999,3954185.96860000,51678,17401363.00000000,1691774.85365000,0
2026-02-22 08:00:00,0.0973,0.09766,0.09706,0.09735,27392232.0,1771761599999,2665620.31254000,38268,12210330.00000000,1188463.08095000,0
2026-02-22 12:00:00,0.09735,0.0974,0.09513,0.09576,122129850.0,1771775999999,11739219.14323000,133008,54980584.00000000,5283518.16878000,0
2026-02-22 16:00:00,0.09576,0.0959,0.09469,0.09508,76734488.0,1771790399999,7301459.15383000,71110,30264724.00000000,2880639.82483000,0
2026-02-22 20:00:00,0.09509,0.09597,0.09457,0.09558,47158607.0,1771804799999,4495496.09218000,58010,23612781.00000000,2251403.48966000,0
2026-02-23 00:00:00,0.09559,0.09577,0.09145,0.09275,312680182.0,1771819199999,28979983.34532000,351295,127244319.00000000,11794122.38605000,0
2026-02-23 04:00:00,0.09275,0.09527,0.0923,0.09488,87075182.0,1771833599999,8164582.61988000,116636,44990127.00000000,4223677.95240000,0
2026-02-23 08:00:00,0.09487,0.09714,0.0944,0.09671,102843553.0,1771847999999,9894594.32373000,121691,56068700.00000000,5400467.26001000,0
2026-02-23 12:00:00,0.09672,0.0976,0.09491,0.09496,142897419.0,1771862399999,13796197.88230000,201138,55320170.00000000,5344065.87504000,0
2026-02-23 16:00:00,0.09495,0.09542,0.09256,0.09286,135268161.0,1771876799999,12704631.38290000,198008,61222760.00000000,5750132.12155000,0
2026-02-23 20:00:00,0.09286,0.09355,0.09249,0.09266,105080624.0,1771891199999,9786554.08625000,90727,68047590.00000000,6338073.92204000,0
2026-02-24 00:00:00,0.09267,0.0936,0.09095,0.0921,173927812.0,1771905599999,16057030.27763000,224001,93262620.00000000,8615710.37435000,0
2026-02-24 04:00:00,0.09211,0.09217,0.09063,0.09126,98185182.0,1771919999999,8965769.43394000,140968,46413693.00000000,4237333.84997000,0
2026-02-24 08:00:00,0.09126,0.0917,0.09072,0.0913,59588802.0,1771934399999,5436759.27855000,78981,33192693.00000000,3028515.95698000,0
2026-02-24 12:00:00,0.0913,0.09257,0.08996,0.09176,171850904.0,1771948799999,15687419.68263000,196526,95255863.00000000,8708181.69601000,0
2026-02-24 16:00:00,0.09176,0.0927,0.09138,0.09202,124391980.0,1771963199999,11440745.05160000,136049,71121526.00000000,6540633.15315000,0
2026-02-24 20:00:00,0.09202,0.09239,0.09133,0.09137,62073589.0,1771977599999,5703646.68981000,65458,33793480.00000000,3105831.73007000,0
2026-02-25 00:00:00,0.09138,0.09497,0.0909,0.09276,203459056.0,1771991999999,19017713.94914000,239864,102928327.00000000,9622641.21772000,0
2026-02-25 04:00:00,0.09276,0.09297,0.09138,0.09284,71787417.0,1772006399999,6623151.81550000,93030,33787374.00000000,3117309.07985000,0
2026-02-25 08:00:00,0.09284,0.09427,0.0925,0.09408,73572520.0,1772020799999,6879764.14420000,98374,38243108.00000000,3577091.28571000,0
2026-02-25 12:00:00,0.09407,0.10268,0.09403,0.10157,492184777.0,1772035199999,48909621.02253000,486119,252846826.00000000,25049737.60811000,0
2026-02-25 16:00:00,0.10158,0.10431,0.1008,0.10407,299382519.0,1772049599999,30742064.27975000,356764,151949343.00000000,15604314.14178000,0
2026-02-25 20:00:00,0.10407,0.10618,0.09947,0.10095,326797885.0,1772063999999,33773551.96367000,348544,146177424.00000000,15111147.50951000,0
2026-02-26 00:00:00,0.10095,0.1016,0.09982,0.10082,177393661.0,1772078399999,17853097.18697000,260531,86762653.00000000,8738548.26933000,0
2026-02-26 04:00:00,0.10082,0.1017,0.0993,0.09957,104417624.0,1772092799999,10485320.96659000,171235,53598489.00000000,5390025.58245000,0
2026-02-26 08:00:00,0.09957,0.1006,0.09828,0.0985,93940398.0,1772107199999,9354282.78757000,121372,50430063.00000000,5027267.73050000,0
2026-02-26 12:00:00,0.09851,0.09951,0.09742,0.09861,147466572.0,1772121599999,14533317.79336000,240259,71659957.00000000,7064258.02174000,0
2026-02-26 16:00:00,0.09861,0.09879,0.0954,0.09735,214724835.0,1772135999999,20761526.39831000,223531,104285412.00000000,10083430.49241000,0
2026-02-26 20:00:00,0.09734,0.09765,0.09645,0.09701,58739665.0,1772150399999,5691213.37545000,71749,28917202.00000000,2802013.51912000,0
2026-02-27 00:00:00,0.09702,0.09768,0.09624,0.09755,71271280.0,1772164799999,6914229.65696000,99433,35537044.00000000,3447927.27840000,0
2026-02-27 04:00:00,0.09754,0.09911,0.0975,0.09843,130740972.0,1772179199999,12885828.69244000,150372,69474815.00000000,6847412.21695000,0
2026-02-27 08:00:00,0.09843,0.09863,0.09463,0.095,136426372.0,1772193599999,13154603.14650000,160983,62875816.00000000,6073101.48783000,0
2026-02-27 12:00:00,0.095,0.09557,0.09362,0.09405,171525911.0,1772207999999,16216557.08270000,229162,86317039.00000000,8159719.56978000,0
2026-02-27 16:00:00,0.09404,0.09429,0.09273,0.09301,95098136.0,1772222399999,8894832.07660000,147078,47301353.00000000,4424719.66679000,0
2026-02-27 20:00:00,0.09302,0.09349,0.09198,0.09337,83562491.0,1772236799999,7770428.96450000,95450,45454006.00000000,4228039.65528000,0
2026-02-28 00:00:00,0.09337,0.09377,0.09312,0.09323,52289523.0,1772251199999,4889525.70345000,60512,27318724.00000000,2555004.41876000,0
2026-02-28 04:00:00,0.09323,0.09341,0.08804,0.08933,418023348.0,1772265599999,37663653.50518000,401621,213737591.00000000,19246698.01412000,0
2026-02-28 08:00:00,0.08933,0.08946,0.08771,0.08874,225500697.0,1772279999999,19995918.80978000,225559,102589405.00000000,9101367.98677000,0
2026-02-28 12:00:00,0.08874,0.09212,0.08856,0.09081,276815080.0,1772294399999,25042260.56421000,263059,148536194.00000000,13437352.88957000,0
2026-02-28 16:00:00,0.0908,0.09343,0.09016,0.09286,159142580.0,1772308799999,14594115.75141000,170302,86262922.00000000,7915111.62094000,0
2026-02-28 20:00:00,0.09286,0.095,0.09263,0.09405,131320714.0,1772323199999,12339740.47039000,175707,66901662.00000000,6287135.22711000,0
2026-03-01 00:00:00,0.09406,0.09788,0.09306,0.0961,297163543.0,1772337599999,28550340.36572000,293850,143038929.00000000,13736234.50640000,0
2026-03-01 04:00:00,0.0961,0.09659,0.09434,0.09486,131161035.0,1772351999999,12530706.72170000,129490,56560281.00000000,5408192.58191000,0
2026-03-01 08:00:00,0.09487,0.09491,0.09319,0.09353,96607967.0,1772366399999,9065764.08069000,125298,41846604.00000000,3927590.07377000,0
2026-03-01 12:00:00,0.09352,0.09553,0.09249,0.09387,152680028.0,1772380799999,14363084.50003000,204483,71283671.00000000,6708667.59504000,0
2026-03-01 16:00:00,0.09388,0.09454,0.0915,0.0918,195420509.0,1772395199999,18121775.16048000,185154,94221964.00000000,8744162.02827000,0
2026-03-01 20:00:00,0.0918,0.09348,0.09056,0.0919,152277419.0,1772409599999,13987647.92786000,170014,70923137.00000000,6517623.74421000,0
2026-03-02 00:00:00,0.0919,0.09448,0.09184,0.09327,111942814.0,1772423999999,10423559.70729000,185021,62807480.00000000,5849839.54767000,0
2026-03-02 04:00:00,0.09328,0.09354,0.09117,0.09174,66960913.0,1772438399999,6192387.12472000,106060,29879752.00000000,2762501.05466000,0
2026-03-02 08:00:00,0.09175,0.09297,0.09132,0.09185,81021204.0,1772452799999,7451764.04188000,120754,40683370.00000000,3743186.72899000,0
2026-03-02 12:00:00,0.09185,0.09664,0.0908,0.09567,297049447.0,1772467199999,27985085.68164000,321564,155444152.00000000,14651182.65588000,0
2026-03-02 16:00:00,0.09568,0.09771,0.09433,0.09553,259094043.0,1772481599999,24877891.61281000,291007,144890458.00000000,13915861.91269000,0
2026-03-02 20:00:00,0.09552,0.096,0.0933,0.09356,123595248.0,1772495999999,11670171.67668000,144838,50634268.00000000,4781656.68768000,0
2026-03-03 00:00:00,0.09356,0.09385,0.09209,0.09258,95187174.0,1772510399999,8845679.88870000,150391,42224215.00000000,3923895.02637000,0
2026-03-03 04:00:00,0.09258,0.09263,0.0911,0.09136,139009751.0,1772524799999,12756544.78250000,134412,76111737.00000000,6984991.33987000,0
2026-03-03 08:00:00,0.09135,0.09158,0.08923,0.09007,229278417.0,1772539199999,20652375.66242000,204839,116787558.00000000,10520683.00418000,0
2026-03-03 12:00:00,0.09007,0.09109,0.08868,0.09021,239806762.0,1772553599999,21549284.79573000,321645,130241934.00000000,11708694.46592000,0
2026-03-03 16:00:00,0.0902,0.09242,0.08912,0.08941,222106652.0,1772567999999,20082179.33618000,253563,120802208.00000000,10929174.42750000,0
2026-03-03 20:00:00,0.08942,0.09088,0.08847,0.08997,131855740.0,1772582399999,11812546.59064000,125277,73585749.00000000,6593923.54448000,0
2026-03-04 00:00:00,0.08998,0.09065,0.08859,0.08939,130216739.0,1772596799999,11674953.45770000,160413,60328307.00000000,5411796.99573000,0
2026-03-04 04:00:00,0.08939,0.09056,0.08872,0.09015,117085448.0,1772611199999,10468610.26079000,134448,65536052.00000000,5862673.39589000,0
2026-03-04 08:00:00,0.09015,0.09345,0.08971,0.0923,414371430.0,1772625599999,38228821.60681000,333176,202106859.00000000,18640303.28365000,0
2026-03-04 12:00:00,0.09229,0.09921,0.09149,0.09905,606677085.0,1772639999999,57930906.04930000,473641,290553417.00000000,27726488.38580000,0
2026-03-04 16:00:00,0.09905,0.10434,0.09747,0.10275,626034459.0,1772654399999,63322651.44119000,673953,302836804.00000000,30650396.58565000,0
2026-03-04 20:00:00,0.10276,0.1035,0.09869,0.09893,366178084.0,1772668799999,37080335.61664000,321438,165510712.00000000,16757573.44127000,0
2026-03-05 00:00:00,0.09893,0.09924,0.09593,0.09621,212881995.0,1772683199999,20713903.95814000,250911,95593562.00000000,9304758.17741000,0
2026-03-05 04:00:00,0.09621,0.09737,0.09522,0.09569,177211496.0,1772697599999,17077630.81415000,166267,87874604.00000000,8469832.08413000,0
2026-03-05 08:00:00,0.09568,0.098,0.09533,0.09593,212894512.0,1772711999999,20571579.25596000,219671,113966558.00000000,11015391.19588000,0
2026-03-05 12:00:00,0.09593,0.09646,0.0939,0.09428,247697756.0,1772726399999,23550782.24086000,290979,136217886.00000000,12961502.65597000,0
2026-03-05 16:00:00,0.09428,0.09456,0.09275,0.09392,145598768.0,1772740799999,13622333.42468000,143192,76792835.00000000,7185471.81521000,0
2026-03-05 20:00:00,0.09392,0.09482,0.09345,0.09356,73604264.0,1772755199999,6930253.84762000,57299,41267855.00000000,3888426.26245000,0
2026-03-06 00:00:00,0.09356,0.09434,0.09315,0.09392,63307919.0,1772769599999,5939379.19794000,74935,32106323.00000000,3011885.39904000,0
2026-03-06 04:00:00,0.09391,0.09441,0.093,0.094,116882306.0,1772783999999,10967942.39596000,82841,58137473.00000000,5455599.52587000,0
2026-03-06 08:00:00,0.09399,0.094,0.09245,0.09309,91746407.0,1772798399999,8551485.80150000,86549,47442760.00000000,4423067.18700000,0
2026-03-06 12:00:00,0.0931,0.09356,0.09,0.09026,380945859.0,1772812799999,34755482.33167000,278123,168551230.00000000,15390096.98829000,0
2026-03-06 16:00:00,0.09025,0.09131,0.09001,0.09086,151171588.0,1772827199999,13706455.49874000,116205,80434960.00000000,7295770.67364000,0
2026-03-06 20:00:00,0.09087,0.09169,0.09057,0.09129,67301720.0,1772841599999,6135967.07957000,42564,38533965.00000000,3513630.42215000,0
2026-03-07 00:00:00,0.09129,0.09213,0.09104,0.09107,86125205.0,1772855999999,7881279.79945000,48119,50584275.00000000,4628828.14955000,0
2026-03-07 04:00:00,0.09107,0.09126,0.09039,0.09057,47222993.0,1772870399999,4285657.14650000,47193,20975334.00000000,1903521.94968000,0
2026-03-07 08:00:00,0.09058,0.09086,0.09004,0.0906,67668219.0,1772884799999,6123117.18187000,50201,34136681.00000000,3088786.96279000,0
2026-03-07 12:00:00,0.09059,0.09066,0.08943,0.09002,122776101.0,1772899199999,11050728.07585000,71423,70855539.00000000,6377723.13856000,0
2026-03-07 16:00:00,0.09001,0.09063,0.08927,0.08959,82446080.0,1772913599999,7411321.30735000,57786,34872591.00000000,3137888.64189000,0
2026-03-07 20:00:00,0.0896,0.0902,0.08942,0.08993,37546861.0,1772927999999,3374692.00574000,36428,20068410.00000000,1803678.40736000,0
2026-03-08 00:00:00,0.08993,0.0902,0.08878,0.08935,91989929.0,1772942399999,8226501.87391000,60240,34937211.00000000,3126503.81746000,0
2026-03-08 04:00:00,0.08936,0.08971,0.08875,0.08932,91622959.0,1772956799999,8177349.34172000,53956,37590061.00000000,3357530.60745000,0
2026-03-08 08:00:00,0.08931,0.09133,0.08894,0.08935,133178098.0,1772971199999,11971897.37127000,92563,65803754.00000000,5917706.34331000,0
2026-03-08 12:00:00,0.08936,0.08949,0.0879,0.08871,192577038.0,1772985599999,17070327.24128000,144903,90135278.00000000,7991092.52818000,0
2026-03-08 16:00:00,0.08871,0.0897,0.0882,0.08934,82323827.0,1772999999999,7310234.46867000,80216,40934460.00000000,3636433.03591000,0
2026-03-08 20:00:00,0.08934,0.09011,0.08666,0.08915,242429556.0,1773014399999,21439416.56820000,192919,107873450.00000000,9544357.66354000,0
2026-03-09 00:00:00,0.08914,0.09169,0.089,0.09038,222570045.0,1773028799999,20107316.68815000,192046,108432982.00000000,9803655.64430000,0
2026-03-09 04:00:00,0.09039,0.09178,0.08933,0.08999,174646890.0,1773043199999,15845484.39986000,130296,90013795.00000000,8169872.07191000,0
2026-03-09 08:00:00,0.09,0.09138,0.08975,0.09037,132585486.0,1773057599999,11999937.56268000,112343,58325617.00000000,5275932.47130000,0
2026-03-09 12:00:00,0.09038,0.09246,0.09038,0.09112,219331353.0,1773071999999,20065677.23726000,176258,105791927.00000000,9679787.55137000,0
2026-03-09 16:00:00,0.09113,0.09283,0.09066,0.09128,158375263.0,1773086399999,14491127.32306000,120283,79073604.00000000,7236823.87503000,0
2026-03-09 20:00:00,0.09128,0.09182,0.09022,0.09049,89141721.0,1773100799999,8108564.04504000,65700,40916802.00000000,3723575.15864000,0
2026-03-10 00:00:00,0.09048,0.09238,0.09033,0.09122,129521045.0,1773115199999,11852140.62055000,114502,71319117.00000000,6529387.17771000,0
2026-03-10 04:00:00,0.09122,0.09248,0.09115,0.09235,113611867.0,1773129599999,10445034.08637000,81270,73456125.00000000,6754048.48724000,0
2026-03-10 08:00:00,0.09235,0.09591,0.09225,0.0945,291089312.0,1773143999999,27457791.55833000,209658,154135424.00000000,14525494.03214000,0
2026-03-10 12:00:00,0.09451,0.09975,0.09427,0.09912,709657398.0,1773158399999,68923658.26946000,486242,352502204.00000000,34306515.75906000,0
2026-03-10 16:00:00,0.09912,0.10046,0.09431,0.09477,460796852.0,1773172799999,45134302.82557000,365460,208199253.00000000,20432996.93013000,0
2026-03-10 20:00:00,0.09476,0.09532,0.0939,0.09452,131089655.0,1773187199999,12403471.93158000,90229,60173141.00000000,5693986.97509000,0
2026-03-11 00:00:00,0.09452,0.09509,0.09243,0.09262,187129743.0,1773201599999,17519050.84854000,109172,86898516.00000000,8131539.93715000,0
2026-03-11 04:00:00,0.09261,0.09324,0.09143,0.09194,243732016.0,1773215999999,22511997.07471000,126123,117185768.00000000,10815911.04998000,0
2026-03-11 08:00:00,0.09194,0.09241,0.09153,0.09197,106743460.0,1773230399999,9814963.37791000,78166,62494131.00000000,5746106.61510000,0
2026-03-11 12:00:00,0.09198,0.09485,0.0912,0.09237,392456367.0,1773244799999,36548624.08448000,303666,223038437.00000000,20775605.44520000,0
2026-03-11 16:00:00,0.09237,0.09462,0.09225,0.09384,183033941.0,1773259199999,17121920.93091000,146244,97258756.00000000,9102091.49060000,0
2026-03-11 20:00:00,0.09384,0.09422,0.09276,0.09288,66889967.0,1773273599999,6256022.65024000,58113,29710849.00000000,2780107.73650000,0
2026-03-12 00:00:00,0.09289,0.09304,0.0918,0.09216,71772231.0,1773287999999,6627204.30461000,73631,36416864.00000000,3362487.85449000,0
2026-03-12 04:00:00,0.09216,0.093,0.0918,0.09291,98374862.0,1773302399999,9085150.92884000,57745,53415562.00000000,4932145.44462000,0
2026-03-12 08:00:00,0.09291,0.09519,0.0924,0.09469,170574118.0,1773316799999,15984322.20854000,121152,98435974.00000000,9225215.11596000,0
2026-03-12 12:00:00,0.0947,0.09586,0.09307,0.09409,313792237.0,1773331199999,29675566.75933000,291018,147990340.00000000,14003969.78396000,0
2026-03-12 16:00:00,0.09409,0.09492,0.09334,0.09443,96978675.0,1773345599999,9149068.71985000,126841,44681285.00000000,4215754.91253000,0
2026-03-12 20:00:00,0.09443,0.09534,0.09403,0.09475,78404063.0,1773359999999,7426147.71422000,66201,38391186.00000000,3637280.50530000,0
2026-03-13 00:00:00,0.09474,0.09806,0.09454,0.09676,297583411.0,1773374399999,28741663.89411000,227356,136452665.00000000,13183140.98041000,0
2026-03-13 04:00:00,0.09677,0.09689,0.0958,0.09651,80856367.0,1773388799999,7795449.73182000,86474,38566824.00000000,3719117.29245000,0
2026-03-13 08:00:00,0.09651,0.1004,0.0961,0.10003,371131935.0,1773403199999,36674699.34044000,238233,216458184.00000000,21393479.98517000,0
2026-03-13 12:00:00,0.10003,0.10199,0.09733,0.09795,582949657.0,1773417599999,58122684.23976000,442599,251577303.00000000,25078821.07382000,0
2026-03-13 16:00:00,0.09795,0.09847,0.09543,0.09603,254990008.0,1773431999999,24743992.29292000,193276,111545670.00000000,10812273.90665000,0
2026-03-13 20:00:00,0.09604,0.09679,0.09545,0.09596,89783597.0,1773446399999,8627711.77492000,62587,42761101.00000000,4108060.73256000,0
2026-03-14 00:00:00,0.09596,0.09627,0.09503,0.09605,174939853.0,1773460799999,16732585.71412000,85412,80021438.00000000,7654824.06942000,0
2026-03-14 04:00:00,0.09605,0.09643,0.09426,0.09463,133214395.0,1773475199999,12681332.93722000,86727,48203845.00000000,4589696.85328000,0
2026-03-14 08:00:00,0.09462,0.09553,0.094,0.09527,104066827.0,1773489599999,9847060.85367000,60795,49703887.00000000,4704575.30821000,0
2026-03-14 12:00:00,0.09527,0.09567,0.09444,0.09493,124752880.0,1773503999999,11848884.32637000,58140,63838601.00000000,6062429.78979000,0
2026-03-14 16:00:00,0.09493,0.09545,0.09436,0.09479,45119167.0,1773518399999,4282293.16643000,36095,22207755.00000000,2108729.67701000,0
2026-03-14 20:00:00,0.09479,0.09618,0.09461,0.09604,63347422.0,1773532799999,6039390.30833000,49987,35299551.00000000,3365518.23538000,0
2026-03-15 00:00:00,0.09605,0.09746,0.0954,0.09601,162638867.0,1773547199999,15673550.44569000,109253,75377342.00000000,7266187.28063000,0
2026-03-15 04:00:00,0.09601,0.0965,0.09553,0.09562,103258161.0,1773561599999,9905492.47427000,77280,42841869.00000000,4111286.43565000,0
2026-03-15 08:00:00,0.09563,0.09663,0.09561,0.09639,112601082.0,1773575999999,10833319.96756000,67233,77918584.00000000,7495255.99234000,0
2026-03-15 12:00:00,0.0964,0.09666,0.09466,0.09498,139812532.0,1773590399999,13341375.49596000,85512,58190413.00000000,5554014.26236000,0
2026-03-15 16:00:00,0.09497,0.09583,0.09445,0.09518,88801088.0,1773604799999,8433938.88193000,66693,41858651.00000000,3974787.31085000,0
2026-03-15 20:00:00,0.09518,0.09606,0.09496,0.09578,36920874.0,1773619199999,3527388.79062000,35004,22227416.00000000,2124207.92134000,0
